City_ID,City,Country,Lat,Lng,Max Temp,Humidity,Cloudiness,Wind Speed,Current Description
0,Sao Miguel Do Araguaia,BR,-13.28,-50.16,95.32,34,82,4.25,broken clouds
1,Mataura,NZ,-46.19,168.86,45.0,80,94,1.99,light rain
2,Busselton,AU,-33.65,115.33,54.0,64,0,12.17,clear sky
3,Shimoda,JP,34.67,138.95,55.99,79,97,1.99,light rain
4,Avarua,CK,-21.21,-159.78,73.4,88,94,5.82,overcast clouds
5,Karratha,AU,-20.74,116.85,70.32,65,16,14.97,few clouds
6,Palmer,US,42.16,-72.33,69.01,72,75,6.93,broken clouds
7,Beringovskiy,RU,63.05,179.32,38.89,83,23,10.56,few clouds
8,College,US,64.86,-147.8,23.0,85,90,1.12,overcast clouds
9,Rikitea,PF,-23.12,-134.97,73.54,68,40,8.7,scattered clouds
10,Barrow,US,71.29,-156.79,33.8,86,90,14.99,overcast clouds
11,Ushuaia,AR,-54.8,-68.3,51.8,57,90,18.34,overcast clouds
12,Port Lincoln,AU,-34.73,135.87,57.13,80,54,15.48,light rain
13,Jamestown,US,42.1,-79.24,64.99,88,75,14.99,broken clouds
14,Hilo,US,19.73,-155.09,69.8,64,1,6.93,clear sky
15,Groa,NO,62.65,8.72,39.2,80,75,5.82,broken clouds
16,Geraldton,AU,-28.77,114.6,60.8,77,75,9.17,broken clouds
17,Dingle,PH,11.0,122.67,76.6,90,10,7.07,clear sky
18,Ribeira Grande,PT,38.52,-28.7,66.2,55,40,4.7,scattered clouds
19,Panzhihua,CN,26.59,101.71,54.05,78,96,0.81,overcast clouds
20,Jizan,SA,17.33,42.67,89.6,59,0,11.41,clear sky
21,Bam,IR,29.11,58.36,61.48,21,0,7.0,clear sky
22,Rubtsovsk,RU,51.5,81.25,51.85,40,0,24.11,clear sky
23,Bucerias,MX,20.75,-105.33,88.0,66,5,2.42,clear sky
24,Cape Town,ZA,-33.93,18.42,64.99,63,0,16.11,clear sky
25,Gat,IL,31.61,34.76,78.01,74,0,13.76,clear sky
26,Alofi,NU,-19.06,-169.92,71.6,100,99,16.11,light rain
27,Comodoro Rivadavia,AR,-45.87,-67.5,57.2,67,75,11.41,light rain
28,Saint-Philippe,RE,-21.36,55.77,75.2,69,37,18.34,scattered clouds
29,Saskylakh,RU,71.92,114.08,10.22,94,91,4.52,overcast clouds
30,Bluff,NZ,-46.6,168.33,45.0,80,99,1.99,overcast clouds
31,Vaini,TO,-21.2,-175.2,71.6,83,75,5.82,broken clouds
32,Tacuati,PY,-23.45,-56.58,98.74,25,48,2.98,scattered clouds
33,Mount Gambier,AU,-37.83,140.77,44.6,100,28,3.36,scattered clouds
34,Yunyang,CN,33.45,112.71,60.01,46,5,2.57,light rain
35,Qaanaaq,GL,77.48,-69.36,19.8,80,81,7.54,broken clouds
36,Cabo San Lucas,MX,22.89,-109.91,88.0,48,5,3.36,clear sky
37,Bengkulu,ID,-3.8,102.27,77.27,87,100,4.63,light rain
38,Punta Arenas,CL,-53.15,-70.92,48.0,49,90,16.11,overcast clouds
39,Hobart,AU,-42.88,147.33,51.8,93,75,2.28,broken clouds
40,Leh,IN,34.17,77.58,40.44,47,0,4.09,clear sky
41,Deep River,CA,46.1,-77.5,45.0,100,90,5.82,overcast clouds
42,Tazovskiy,RU,67.47,78.7,19.76,98,100,11.36,light snow
43,Lincoln,US,40.8,-96.67,46.99,70,90,8.05,overcast clouds
44,Sao Felix Do Xingu,BR,-6.64,-51.99,102.13,25,38,6.42,scattered clouds
45,Mackenzie,CA,55.3,-123.17,24.8,53,90,5.48,overcast clouds
46,Manono,CD,-7.3,27.42,77.32,72,18,1.9,light rain
47,Kapaa,US,22.08,-159.32,71.6,88,20,6.93,few clouds
48,Albany,US,42.6,-73.97,69.01,80,70,1.99,broken clouds
49,Pitkyaranta,RU,61.57,31.48,35.98,83,100,9.69,overcast clouds
50,Port Alfred,ZA,-33.59,26.89,67.39,75,0,18.07,clear sky
51,Khatanga,RU,71.97,102.5,1.04,94,55,2.62,broken clouds
52,Klaksvik,FO,62.23,-6.59,41.0,75,46,9.17,light rain
53,Tautira,PF,-17.73,-149.15,75.0,83,20,3.36,few clouds
54,Raudeberg,NO,61.99,5.14,44.01,92,100,16.58,light rain
55,Nikolskoye,RU,59.7,30.79,37.4,86,90,8.95,light rain
56,Itoman,JP,26.12,127.67,80.6,94,75,3.36,shower rain
57,Rawson,AR,-43.3,-65.1,65.46,32,94,25.9,overcast clouds
58,Yellowknife,CA,62.46,-114.35,21.99,92,75,10.29,broken clouds
59,New Norfolk,AU,-42.78,147.06,51.8,93,90,4.7,overcast clouds
60,Carnarvon,AU,-24.87,113.63,66.2,68,40,18.34,scattered clouds
61,Narsaq,GL,60.92,-46.05,32.0,89,90,4.7,light snow
62,Coquimbo,CL,-29.95,-71.34,57.2,76,75,6.93,broken clouds
63,Torbay,CA,47.67,-52.73,57.0,82,75,11.41,broken clouds
64,Butaritari,KI,3.07,172.79,82.0,69,88,5.82,overcast clouds
65,Tanout,NE,14.97,8.89,96.51,9,0,18.81,clear sky
66,Sivaki,RU,52.63,126.75,26.62,98,100,15.59,snow
67,Tuktoyaktuk,CA,69.45,-133.04,23.0,85,90,13.87,light snow
68,Severo-Kurilsk,RU,50.68,156.12,40.75,74,63,19.95,broken clouds
69,Namibe,AO,-15.2,12.15,73.4,78,90,12.75,overcast clouds
70,Castro,BR,-24.79,-50.01,78.49,50,4,7.25,light rain
71,Kavaratti,IN,10.57,72.64,81.27,76,99,14.05,overcast clouds
72,Griffith,US,41.53,-87.42,50.0,81,90,5.82,overcast clouds
73,Haines Junction,CA,60.75,-137.51,20.66,88,85,2.51,overcast clouds
74,Norman Wells,CA,65.28,-126.83,23.0,85,90,17.22,light snow
75,Guerrero Negro,MX,27.98,-114.06,70.16,79,97,7.9,overcast clouds
76,Omboue,GA,-1.57,9.26,79.27,78,97,9.24,overcast clouds
77,Sibolga,ID,1.74,98.78,77.36,82,100,2.46,light rain
78,Tasiilaq,GL,65.61,-37.64,30.2,86,75,2.24,shower rain
79,Pevek,RU,69.7,170.31,30.16,99,100,5.73,overcast clouds
80,Pyapon,MM,16.28,95.68,75.81,92,97,6.02,light rain
81,Kaniama,CD,-7.57,24.18,72.99,89,81,3.53,light rain
82,Alice Springs,AU,-23.7,133.88,82.4,30,50,13.87,scattered clouds
83,Chokurdakh,RU,70.63,147.92,8.13,94,83,4.45,broken clouds
84,Deputatskiy,RU,69.3,139.9,5.36,97,100,1.52,overcast clouds
85,Baltoji Voke,LT,54.6,25.2,46.99,93,90,9.17,overcast clouds
86,Korla,CN,41.76,86.15,50.0,84,0,1.99,clear sky
87,Kodiak,US,57.79,-152.41,39.2,60,1,10.29,clear sky
88,Quelimane,MZ,-17.88,36.89,77.94,83,0,11.1,clear sky
89,Ponta Do Sol,PT,32.67,-17.1,68.0,64,40,13.87,scattered clouds
90,Claremore,US,36.31,-95.62,73.99,60,90,9.17,overcast clouds
91,Brighton,GB,50.83,-0.14,59.0,93,40,18.34,scattered clouds
92,Isangel,VU,-19.55,169.27,75.2,88,75,9.17,broken clouds
93,Atuona,PF,-9.8,-139.03,76.82,73,78,17.05,broken clouds
94,Tripoli,LY,32.88,13.19,76.03,46,0,16.96,clear sky
95,Lebu,CL,-37.62,-73.65,53.71,65,0,16.58,clear sky
96,Kroya,ID,-7.63,109.25,66.99,86,99,4.03,overcast clouds
97,Ilulissat,GL,69.22,-51.1,32.0,94,75,13.87,broken clouds
98,Mar Del Plata,AR,-38.0,-57.56,55.4,62,0,18.34,clear sky
99,Thompson,CA,55.74,-97.86,24.8,79,75,2.24,broken clouds
100,Leningradskiy,RU,69.38,178.42,34.83,85,100,9.48,overcast clouds
101,Smithers,CA,54.78,-127.17,32.0,94,75,0.58,broken clouds
102,Dunedin,NZ,-45.87,170.5,48.99,69,100,1.99,overcast clouds
103,Talnakh,RU,69.49,88.4,14.0,85,100,13.42,overcast clouds
104,Bredasdorp,ZA,-34.53,20.04,64.4,68,0,8.05,clear sky
105,Grindavik,IS,63.84,-22.43,41.0,80,75,20.8,broken clouds
106,Bud,US,39.45,-86.18,55.4,100,90,4.7,overcast clouds
107,Los Llanos De Aridane,ES,28.66,-17.92,75.2,64,75,8.05,broken clouds
108,Mamallapuram,IN,12.63,80.17,82.4,88,40,6.8,mist
109,Kruisfontein,ZA,-34.0,24.73,66.99,60,0,3.0,clear sky
110,Lompoc,US,34.64,-120.46,53.6,100,90,1.7,mist
111,Te Anau,NZ,-45.42,167.72,36.93,86,71,0.94,broken clouds
112,Massakory,TD,13.0,15.73,98.22,9,0,11.14,clear sky
113,Ulaangom,MN,49.98,92.07,27.79,91,35,1.16,scattered clouds
114,Epe,NG,6.58,3.98,83.43,77,32,7.07,light rain
115,Naryan-Mar,RU,67.67,53.09,24.13,97,23,8.05,few clouds
116,Saint George,US,37.1,-113.58,55.4,22,1,2.42,clear sky
117,Jumla,NP,29.27,82.18,47.41,52,0,4.34,clear sky
118,Dikson,RU,73.51,80.55,24.08,97,99,4.83,overcast clouds
119,Ozinki,RU,51.18,49.68,36.86,76,83,10.89,broken clouds
120,Tokur,RU,53.13,132.9,35.24,98,100,3.56,light rain
121,Puerto Ayora,EC,-0.74,-90.35,77.0,73,75,16.11,broken clouds
122,Ostrovnoy,RU,68.05,39.51,34.9,88,99,7.14,overcast clouds
123,Challans,FR,46.84,-1.87,62.6,82,20,9.17,few clouds
124,Roald,NO,62.58,6.13,42.8,81,75,14.99,broken clouds
125,Georgetown,MY,5.41,100.34,84.2,79,40,2.24,scattered clouds
126,Arona,ES,28.1,-16.68,77.0,53,75,9.17,broken clouds
127,Bodden Town,KY,19.28,-81.25,88.0,74,40,11.41,scattered clouds
128,Hermanus,ZA,-34.42,19.23,64.0,71,0,5.01,clear sky
129,Oksfjord,NO,70.24,22.35,33.8,64,1,16.11,clear sky
130,Yumen,CN,40.28,97.2,40.26,56,0,4.59,clear sky
131,Kavieng,PG,-2.57,150.8,80.26,80,100,12.19,overcast clouds
132,Mahebourg,MU,-20.41,57.7,75.2,73,40,13.87,scattered clouds
133,Ilhabela,BR,-23.78,-45.36,77.0,73,35,5.75,scattered clouds
134,Sembakung,ID,3.82,117.25,75.7,91,82,1.25,broken clouds
135,Danielskuil,ZA,-28.19,23.54,86.99,13,85,10.78,overcast clouds
136,Arraial Do Cabo,BR,-22.97,-42.03,80.6,69,20,16.11,few clouds
137,Marystown,CA,47.17,-55.15,57.0,100,100,5.99,overcast clouds
138,Tuatapere,NZ,-46.13,167.68,45.0,80,90,1.99,moderate rain
139,Katsuura,JP,35.13,140.3,60.8,82,75,12.75,shower rain
140,Vila Franca Do Campo,PT,37.72,-25.43,64.4,59,75,16.11,broken clouds
141,Benjamin Constant,BR,-4.38,-70.03,75.2,83,34,3.36,light rain
142,Strezhevoy,RU,60.73,77.59,32.0,91,90,3.02,overcast clouds
143,Otradnoye,RU,59.78,30.82,37.4,86,90,8.95,light rain
144,Udachnyy,RU,66.42,112.4,6.8,92,90,2.08,light shower snow
145,Puteyets,RU,65.17,57.09,26.02,98,100,4.18,light snow
146,Boyolangu,ID,-8.12,111.89,75.87,91,100,0.96,light rain
147,Nome,US,64.5,-165.41,41.0,86,90,8.05,overcast clouds
148,Banda Aceh,ID,5.56,95.32,81.34,73,78,7.7,broken clouds
149,Lamar,US,33.67,-95.58,75.0,94,90,8.05,overcast clouds
150,Vossevangen,NO,60.62,6.42,46.99,96,99,3.02,light rain
151,Yulara,AU,-25.24,130.99,78.8,36,0,8.05,clear sky
152,Keokuk,US,40.4,-91.38,50.0,81,75,9.17,broken clouds
153,Altar,MX,30.7,-111.82,80.01,31,4,4.0,clear sky
154,Pisco,PE,-13.7,-76.22,68.0,68,0,9.17,clear sky
155,Cabulay,PH,16.75,121.5,75.15,90,49,4.68,scattered clouds
156,Vao,NC,-22.67,167.48,73.26,83,20,14.88,few clouds
157,Nanortalik,GL,60.14,-45.24,33.96,88,100,9.4,overcast clouds
158,Scarborough,GB,54.28,-0.4,57.99,92,100,1.99,overcast clouds
159,Hithadhoo,MV,-0.6,73.08,83.21,75,37,14.52,scattered clouds
160,Bethel,US,41.37,-73.41,66.0,88,90,10.29,overcast clouds
161,Montepuez,MZ,-13.13,39.0,83.01,44,21,6.82,few clouds
162,Kalmunai,LK,7.42,81.82,82.24,77,15,5.57,few clouds
163,Bambous Virieux,MU,-20.34,57.76,75.2,73,40,13.87,scattered clouds
164,Longyearbyen,SJ,78.22,15.64,19.4,79,20,9.17,few clouds
165,Antalaha,MG,-14.9,50.28,75.63,74,95,11.48,overcast clouds
166,Lorengau,PG,-2.02,147.27,81.48,75,97,4.47,overcast clouds
167,Guider,CM,9.93,13.95,91.89,24,0,5.14,clear sky
168,Brae,GB,60.4,-1.35,48.2,87,75,31.09,broken clouds
169,Ipixuna,BR,-1.76,-48.8,86.0,74,40,11.41,scattered clouds
170,Saint-Lo,FR,49.12,-1.09,62.6,82,75,14.99,broken clouds
171,San Patricio,US,28.02,-97.52,87.01,78,20,10.29,few clouds
172,Tiksi,RU,71.69,128.87,9.61,93,99,6.24,overcast clouds
173,San Quintin,MX,30.48,-115.95,67.71,76,100,3.18,overcast clouds
174,Coihaique,CL,-45.58,-72.07,57.2,41,0,4.7,clear sky
175,Mayang Imphal,IN,24.62,93.88,67.23,94,99,1.83,light rain
176,Haimen,CN,23.19,116.61,73.4,64,75,6.71,broken clouds
177,Camargo,MX,27.67,-105.17,78.96,33,0,13.85,clear sky
178,Wasilla,US,61.58,-149.44,35.6,43,1,13.87,clear sky
179,East London,ZA,-33.02,27.91,68.0,77,0,13.87,clear sky
180,Hualmay,PE,-11.1,-77.61,70.18,65,3,11.45,clear sky
181,Yishui,CN,35.78,118.63,49.3,45,0,5.32,light rain
182,Bathsheba,BB,13.22,-59.52,89.6,66,20,12.75,few clouds
183,North Bend,US,43.41,-124.22,51.8,87,1,9.17,clear sky
184,Okhotsk,RU,59.38,143.3,32.23,95,100,15.14,light rain
185,Luderitz,NA,-26.65,15.16,77.14,28,0,18.19,clear sky
186,Upernavik,GL,72.79,-56.15,29.41,95,99,11.3,overcast clouds
187,Airai,TL,-8.93,125.41,60.06,99,29,1.05,scattered clouds
188,San Cristobal,VE,7.77,-72.22,87.8,48,40,9.17,scattered clouds
189,Luba,GQ,3.46,8.55,79.16,81,31,6.69,scattered clouds
190,Ratnagiri,IN,16.98,73.3,79.57,86,8,3.36,clear sky
191,Mount Isa,AU,-20.73,139.5,77.0,29,77,8.95,broken clouds
192,Ucluelet,CA,48.93,-125.55,46.4,81,20,10.29,few clouds
193,Bowen,AU,-20.02,148.23,64.4,93,40,2.24,scattered clouds
194,Adrar,MR,20.5,-10.07,93.54,13,52,5.75,broken clouds
195,Taoudenni,ML,22.68,-3.98,96.58,10,0,8.34,clear sky
196,Susanville,US,40.42,-120.65,48.2,57,1,3.36,clear sky
197,Burgeo,CA,47.62,-57.62,51.49,61,95,5.32,overcast clouds
198,Novikovo,RU,51.15,37.89,43.84,63,100,4.85,light rain
199,Kharp,RU,66.8,65.81,20.17,95,100,6.53,overcast clouds
200,Sistranda,NO,63.73,8.83,39.2,93,40,4.7,shower rain
201,Kaitangata,NZ,-46.28,169.85,48.99,69,97,3.0,overcast clouds
202,Atar,MR,20.52,-13.05,98.6,23,84,2.24,broken clouds
203,Pokrovsk,UA,48.28,37.18,49.68,52,100,6.69,overcast clouds
204,Faratsiho,MG,-19.4,46.95,65.34,54,8,4.14,clear sky
205,Labrea,BR,-7.26,-64.8,101.19,33,57,3.74,broken clouds
206,Kamina,CD,-8.74,24.99,69.24,92,100,3.71,light rain
207,Berbera,SO,10.44,45.01,87.03,47,78,2.42,broken clouds
208,Gra Liyia,GR,35.02,25.68,68.0,70,26,8.01,scattered clouds
209,Rognan,NO,67.1,15.39,37.4,55,75,17.22,broken clouds
210,Ponta Delgada,PT,37.73,-25.67,64.4,59,75,16.11,broken clouds
211,Kaduqli,SD,11.02,29.72,83.98,48,81,6.38,broken clouds
212,Goderich,CA,43.75,-81.72,55.0,86,100,20.56,overcast clouds
213,Naze,JP,28.37,129.48,78.8,83,75,8.05,heavy intensity rain
214,Guskhara,IN,23.5,87.75,77.72,85,51,3.29,broken clouds
215,Garut,ID,-7.2,107.89,70.36,88,100,1.21,heavy intensity rain
216,Esperance,AU,-33.87,121.9,57.2,100,90,10.29,light rain
217,Tahta,EG,26.77,31.5,96.8,19,0,9.17,clear sky
218,Yatou,CN,37.15,122.38,54.43,54,0,11.48,clear sky
219,Guiglo,CI,6.55,-7.5,88.79,52,78,3.49,broken clouds
220,Samoylovka,RU,51.18,43.71,39.31,68,100,7.54,overcast clouds
221,Boke,GN,10.94,-14.3,87.8,65,97,4.88,moderate rain
222,Sitka,US,57.05,-135.33,33.8,55,1,5.82,clear sky
223,Avera,US,33.19,-82.53,80.6,74,90,6.93,thunderstorm
224,Bozeman,US,45.68,-111.04,39.99,86,90,5.82,overcast clouds
225,Waipawa,NZ,-41.41,175.52,53.6,81,1,11.41,clear sky
226,Porto Torres,IT,40.84,8.4,73.4,60,47,3.36,scattered clouds
227,Buluang,PH,13.31,123.34,79.12,89,93,5.7,overcast clouds
228,Mehran,IR,33.12,46.16,64.4,18,0,4.7,clear sky
229,Bilma,NE,18.69,12.92,93.31,10,0,7.78,clear sky
230,Faanui,PF,-16.48,-151.75,77.9,77,48,13.56,scattered clouds
231,Dangara,IN,29.68,75.89,74.91,19,0,2.64,clear sky
232,Havelock,US,34.88,-76.9,82.0,69,40,8.05,scattered clouds
233,Fortuna,US,40.6,-124.16,53.01,100,90,9.17,overcast clouds
234,Mahajanga,MG,-15.72,46.32,83.55,59,22,13.13,few clouds
235,Shirokiy,RU,49.76,129.52,38.48,75,0,8.61,clear sky
236,Yeppoon,AU,-23.13,150.73,71.08,83,90,12.03,moderate rain
237,Broome,US,42.25,-75.83,70.0,72,1,14.99,clear sky
238,Yar-Sale,RU,66.83,70.83,21.16,97,96,11.5,overcast clouds
239,Bayevo,RU,53.28,80.77,48.25,49,100,11.95,overcast clouds
240,Padang,ID,-0.95,100.35,77.22,82,100,4.21,moderate rain
241,Ishinomaki,JP,38.42,141.3,59.58,68,100,8.66,moderate rain
242,Megion,RU,61.03,76.11,32.0,91,90,3.56,overcast clouds
243,Jiazi,CN,22.88,116.07,72.28,71,100,11.48,overcast clouds
244,Surab,PK,28.49,66.26,56.61,27,0,8.19,clear sky
245,Kenai,US,60.55,-151.26,36.0,85,1,3.94,clear sky
246,Cacapava,BR,-23.1,-45.71,84.2,42,75,6.93,broken clouds
247,Soe,ID,-9.86,124.28,66.56,98,6,3.11,clear sky
248,Martapura,ID,-3.42,114.85,77.0,94,100,6.93,overcast clouds
249,Lakselv,NO,70.05,24.97,24.8,85,20,13.87,few clouds
250,Retz,AT,48.75,15.96,50.0,90,67,1.99,broken clouds
251,Srandakan,ID,-7.94,110.25,77.81,77,99,3.13,overcast clouds
252,Matamoros,MX,25.53,-103.25,77.0,38,75,3.71,broken clouds
253,Diamantino,BR,-14.41,-56.45,97.65,32,14,6.02,few clouds
254,Nalut,LY,30.33,10.85,83.12,26,0,6.87,clear sky
255,Port Elizabeth,ZA,-33.92,25.57,66.2,68,0,8.05,clear sky
256,Mattawa,US,46.74,-119.9,44.01,81,40,8.59,scattered clouds
257,Olovyannaya,RU,50.95,115.57,26.06,87,0,9.62,clear sky
258,Novyy Buh,UA,47.69,32.52,55.4,62,93,13.42,overcast clouds
259,Victoria,HK,22.29,114.16,75.99,63,100,1.99,overcast clouds
260,Palana,RU,59.12,159.97,32.41,97,42,5.88,scattered clouds
261,Chuy,UY,-33.7,-53.46,62.96,63,46,15.14,scattered clouds
262,Kudahuvadhoo,MV,2.67,72.89,82.94,78,90,12.97,overcast clouds
263,Kolvereid,NO,64.87,11.6,37.4,86,75,5.82,shower rain
264,Nava,MX,28.42,-100.77,79.0,74,40,11.41,scattered clouds
265,Saint-Francois,FR,46.42,3.91,68.0,56,88,17.22,overcast clouds
266,Magdalena,PH,14.2,121.43,82.4,78,75,3.36,broken clouds
267,Pangnirtung,CA,66.15,-65.71,28.4,79,90,3.36,light snow
268,Safranbolu,TR,41.25,32.69,59.86,57,0,0.89,clear sky
269,Coahuayana,MX,18.73,-103.68,80.6,74,40,0.98,scattered clouds
270,Taseyevo,RU,57.22,94.9,38.03,88,100,4.54,overcast clouds
271,Yalvac,TR,38.3,31.18,53.44,77,99,2.13,moderate rain
272,San Isidro,PE,-12.12,-77.05,69.01,68,20,9.17,few clouds
273,Maumere,ID,-8.62,122.21,79.81,76,5,4.21,clear sky
274,Kachug,RU,53.96,105.88,30.96,96,95,3.24,overcast clouds
275,Ancud,CL,-41.87,-73.82,55.4,50,0,6.93,clear sky
276,Port Hardy,CA,50.7,-127.42,41.0,93,75,6.93,broken clouds
277,Andenes,NO,69.31,16.12,33.8,64,0,13.87,clear sky
278,Kraskino,RU,42.71,130.78,53.02,86,73,7.29,broken clouds
279,Ochakiv,UA,46.61,31.55,59.0,71,40,13.42,scattered clouds
280,Yadgir,IN,16.77,77.13,74.82,92,100,3.8,light rain
281,Catamarca,AR,-28.47,-65.79,73.99,80,53,1.99,broken clouds
282,Petropavlovsk-Kamchatskiy,RU,53.05,158.65,35.6,47,0,13.42,clear sky
283,Katherine,AU,-14.47,132.27,82.4,65,33,6.93,scattered clouds
284,Sabha,LY,27.04,14.43,83.03,29,100,3.89,overcast clouds
285,Namatanai,PG,-3.67,152.43,79.16,78,58,3.31,broken clouds
286,Gotsu,JP,35.0,132.22,61.72,82,93,4.14,overcast clouds
287,Ahipara,NZ,-35.17,173.17,58.64,82,100,5.19,overcast clouds
288,Grand Gaube,MU,-20.01,57.66,75.0,70,14,8.99,few clouds
289,Umm Lajj,SA,25.02,37.27,82.36,56,0,5.23,clear sky
290,Pokhara,NP,28.23,83.98,66.11,58,0,4.38,clear sky
291,Santiago Del Estero,AR,-27.8,-64.26,67.06,69,97,7.38,overcast clouds
292,Hirara,JP,24.8,125.28,78.91,90,100,16.24,moderate rain
293,Koindu,GN,8.44,-10.33,81.77,77,96,1.59,light rain
294,Saint-Joseph,RE,-21.37,55.62,75.2,69,37,18.34,scattered clouds
295,Ikalamavony,MG,-21.15,46.58,73.58,52,33,10.25,scattered clouds
296,Severo-Yeniseyskiy,RU,60.37,93.04,35.73,94,100,10.09,overcast clouds
297,Gigmoto,PH,13.78,124.39,81.46,83,94,10.51,overcast clouds
298,At-Bashi,KG,41.17,75.81,39.88,59,0,1.25,clear sky
299,Koungou,YT,-12.73,45.2,80.6,74,1,10.29,clear sky
300,Aktau,KZ,43.65,51.2,46.4,70,40,6.71,scattered clouds
301,Laguna,US,38.42,-121.42,64.99,59,1,0.56,clear sky
302,Kulhudhuffushi,MV,6.62,73.07,82.06,79,12,12.57,light rain
303,Mantua,IT,45.17,10.78,61.0,86,52,3.89,broken clouds
304,Grande Prairie,CA,55.17,-118.8,14.0,78,75,8.05,broken clouds
305,Saint Anthony,US,45.02,-93.22,35.6,69,20,9.17,few clouds
306,Jijiga,ET,9.35,42.8,71.15,27,47,11.92,scattered clouds
307,Dese,ET,11.13,39.63,52.97,65,44,0.87,scattered clouds
308,Rustenburg,ZA,-25.67,27.24,84.06,21,28,14.18,scattered clouds
309,Inhambane,MZ,-23.86,35.38,78.8,69,20,11.41,few clouds
310,Berlevag,NO,70.86,29.09,28.4,92,90,13.87,overcast clouds
311,Santa Maria,BR,-29.68,-53.81,78.71,60,62,13.06,broken clouds
312,Vardo,NO,70.37,31.11,28.4,92,71,19.46,fog
313,Flinders,AU,-34.58,150.86,61.0,86,100,1.01,overcast clouds
314,Bonanza,NI,14.03,-84.59,88.36,54,31,2.33,scattered clouds
315,Jadu,LY,31.95,12.03,73.08,23,0,7.09,clear sky
316,Cascais,PT,38.7,-9.42,64.99,77,40,9.17,shower rain
317,Sorrento,IT,40.63,14.37,68.0,52,20,5.82,few clouds
318,Birao,CF,10.28,22.79,84.25,37,2,1.59,clear sky
319,Lasa,IT,46.62,10.7,54.0,81,40,8.05,scattered clouds
320,Tabligbo,TG,6.58,1.5,86.0,74,20,10.29,few clouds
321,Aklavik,CA,68.22,-135.01,12.2,92,75,4.7,broken clouds
322,Jequie,BR,-13.86,-40.08,94.41,27,41,6.42,scattered clouds
323,Ulaanbaatar,MN,47.91,106.88,12.2,78,1,2.24,clear sky
324,Altay,CN,47.87,88.12,43.16,48,24,5.93,few clouds
325,Malkapur,IN,20.88,76.2,79.68,76,60,5.12,broken clouds
326,Bonthe,SL,7.53,-12.51,82.47,76,100,7.83,moderate rain
327,Doha,QA,25.29,51.53,84.2,62,0,5.82,clear sky
328,Gazli,UZ,40.13,63.45,59.36,46,55,12.8,broken clouds
329,Awbari,LY,26.59,12.78,86.07,23,36,7.92,scattered clouds
330,Port-Gentil,GA,-0.72,8.78,82.4,78,40,11.41,scattered clouds
331,Dakar,SN,14.69,-17.44,91.4,63,82,9.17,broken clouds
332,Balkhash,KZ,46.84,74.98,54.73,41,0,14.5,clear sky
333,Lavrentiya,RU,65.58,-171.0,35.83,85,0,5.28,clear sky
334,Touros,BR,-5.2,-35.46,82.4,74,75,21.92,broken clouds
335,Sioux Lookout,CA,50.1,-91.92,30.2,92,90,2.24,overcast clouds
336,Coxim,BR,-18.51,-54.76,90.99,43,98,4.92,overcast clouds
337,Luang Prabang,LA,19.89,102.13,68.41,78,18,1.74,few clouds
338,Gamba,GA,-2.65,10.0,79.25,79,59,9.95,broken clouds
339,Bibiani,GH,6.46,-2.32,89.74,46,82,4.16,broken clouds
340,Sao Filipe,CV,14.9,-24.5,84.79,62,0,2.37,clear sky
341,Soavinandriana,MG,-19.17,46.73,72.86,41,50,6.62,scattered clouds
342,Asilah,MA,35.47,-6.03,71.6,68,75,8.05,broken clouds
343,Nyagan,RU,62.14,65.39,27.55,97,90,3.94,overcast clouds
344,Coari,BR,-4.08,-63.14,95.97,41,79,5.64,broken clouds
345,Eureka,US,40.8,-124.16,52.0,100,90,6.62,mist
346,Kariba,ZW,-16.52,28.8,91.15,24,9,9.51,clear sky
347,Provideniya,RU,64.38,-173.3,35.06,93,21,0.89,few clouds
348,Sigiriya,LK,7.95,80.74,77.2,80,39,12.19,scattered clouds
349,Zongolica,MX,18.67,-96.98,77.63,47,100,3.18,overcast clouds
350,Nuuk,GL,64.18,-51.72,32.0,94,40,4.7,shower rain
351,Seoul,KR,37.57,126.98,53.6,93,75,5.91,broken clouds
352,Korcula,HR,42.96,17.14,62.6,51,62,2.24,broken clouds
353,Itarema,BR,-2.92,-39.92,88.52,53,7,19.71,clear sky
354,Dalmau,IN,26.07,81.03,76.64,29,0,1.97,clear sky
355,Rosetta,EG,31.4,30.42,77.0,61,20,8.05,few clouds
356,Verkhnyaya Inta,RU,65.98,60.31,20.14,98,100,4.38,light snow
357,Gweta,BW,-20.18,25.23,95.43,10,0,9.26,clear sky
358,Salalah,OM,17.02,54.09,82.4,83,8,3.36,clear sky
359,Clyde River,CA,70.47,-68.59,26.6,73,90,4.7,overcast clouds
360,Pochutla,MX,15.74,-96.47,88.0,66,20,3.11,few clouds
361,Kyren,RU,51.68,102.14,30.25,85,19,2.93,few clouds
362,Sur,OM,22.57,59.53,77.29,64,1,8.46,clear sky
363,Saint-Pierre,RE,-21.34,55.48,75.2,69,39,18.34,scattered clouds
364,Boa Vista,BR,2.82,-60.67,95.0,41,75,9.17,broken clouds
365,Souillac,MU,-20.52,57.52,75.2,73,40,13.87,scattered clouds
366,Ploemeur,FR,47.73,-3.43,61.0,77,2,11.41,clear sky
367,Rauma,FI,61.13,21.51,44.6,100,90,8.05,light intensity drizzle
368,Formosa,AR,-26.18,-58.18,98.6,37,75,5.82,broken clouds
369,Krasnovishersk,RU,60.41,57.08,30.78,98,97,4.0,overcast clouds
370,Tahe,CN,52.33,124.73,23.34,89,100,14.9,overcast clouds
371,Kigorobya,UG,1.62,31.31,68.36,91,100,2.26,overcast clouds
372,Shingu,JP,33.73,135.98,61.79,86,74,10.29,light rain
373,Mae Sai,TH,20.43,99.88,72.0,100,75,1.12,broken clouds
374,Ukiah,US,39.15,-123.21,66.0,71,1,1.83,clear sky
375,Nahrin,AF,36.06,69.13,46.63,51,0,2.39,clear sky
376,Palu,ID,-0.89,119.87,76.73,82,26,2.59,light rain
377,Saldanha,ZA,-33.01,17.94,69.8,46,0,9.17,clear sky
378,Gornozavodsk,RU,58.38,58.32,28.18,98,100,5.32,overcast clouds
379,Nampula,MZ,-15.12,39.27,87.01,45,20,13.87,few clouds
380,Tanabe,JP,33.73,135.37,64.0,75,99,15.77,overcast clouds
381,Nizhniy Baskunchak,RU,48.22,46.83,46.96,53,81,8.99,broken clouds
382,Coria,ES,39.99,-6.54,61.0,87,58,9.53,light rain
383,Douglas,US,41.3,-96.17,46.4,65,1,3.36,clear sky
384,Telimele,GN,10.92,-13.33,84.02,65,100,5.39,light rain
385,Buchanan,LR,5.88,-10.05,86.0,74,75,9.17,thunderstorm
386,Superior,US,46.72,-92.1,36.0,80,90,12.75,overcast clouds
387,Bonavista,CA,48.65,-53.11,55.99,73,86,11.01,overcast clouds
388,Visby,SE,57.64,18.3,53.01,93,90,8.05,overcast clouds
389,Port Macquarie,AU,-31.43,152.92,57.99,91,56,6.67,broken clouds
390,Ust-Kuyga,RU,70.02,135.6,6.85,93,99,4.25,overcast clouds
391,San Vicente,AR,-26.62,-54.13,94.08,28,4,2.75,clear sky
392,Takahata,JP,38.0,140.19,52.0,84,100,2.42,overcast clouds
393,Hamilton,US,39.18,-84.53,69.8,77,90,10.29,overcast clouds
394,General Roca,AR,-39.03,-67.58,66.2,32,93,13.87,overcast clouds
395,Bukowno,PL,50.26,19.46,55.0,84,67,6.33,broken clouds
396,Sinnamary,GF,5.38,-52.95,88.05,60,7,11.95,clear sky
397,Seddon,AU,-37.81,144.89,50.0,87,14,5.82,few clouds
398,Skibbereen,IE,51.55,-9.27,51.8,76,40,19.46,scattered clouds
399,Ulladulla,AU,-35.35,150.47,62.01,93,75,5.82,broken clouds
400,Kahului,US,20.89,-156.47,73.4,69,20,4.7,few clouds
401,Mbouda,CM,5.63,10.26,72.1,73,8,2.44,light rain
402,Salamiyah,SY,35.01,37.05,70.0,65,0,13.42,clear sky
403,Mamontovo,RU,52.71,81.62,49.82,45,74,18.52,broken clouds
404,Nagato,JP,34.38,131.2,71.6,68,90,8.05,light rain
405,Huambo,AO,-12.78,15.74,84.2,37,40,6.93,thunderstorm
406,Taksimo,RU,56.34,114.88,20.79,82,80,2.89,broken clouds
407,Tessalit,ML,20.2,1.01,99.63,9,0,6.87,clear sky
408,Rio Gallegos,AR,-51.62,-69.22,55.4,35,81,4.7,broken clouds
409,Bage,BR,-31.33,-54.11,68.0,68,90,20.8,overcast clouds
410,Piedade,BR,-23.71,-47.43,87.01,42,47,4.0,light rain
411,Zaozerne,UA,45.16,33.28,58.42,62,70,5.41,broken clouds
412,Abu Samrah,SY,35.3,37.18,73.49,36,0,11.7,clear sky
413,Qazvin,IR,36.28,50.0,59.0,51,1,2.24,clear sky
414,Quatre Cocos,MU,-20.21,57.76,75.2,73,40,13.87,scattered clouds
415,Kondinskoye,RU,59.65,67.41,31.24,98,100,4.63,overcast clouds
416,Poum,NC,-20.23,164.02,74.43,77,0,7.45,clear sky
417,Hofn,IS,64.25,-15.21,37.4,69,20,2.24,few clouds
418,Turukhansk,RU,65.82,87.98,24.06,98,100,12.62,light snow
419,Elizabeth City,US,36.29,-76.25,81.0,61,20,5.82,few clouds
420,Bloomingdale,US,27.89,-82.24,80.6,74,90,9.17,overcast clouds
421,Alta Floresta,BR,-9.88,-56.09,102.49,26,81,5.08,broken clouds
422,Krasnoselkup,RU,65.7,82.47,26.24,98,99,7.43,light snow
423,Charters Towers,AU,-20.1,146.27,67.82,90,3,9.8,clear sky
424,Bay City,US,43.59,-83.89,51.8,57,90,21.92,overcast clouds
425,Alto Parana,BR,-23.13,-52.32,86.88,45,14,8.75,few clouds
426,Muzhi,RU,65.37,64.67,16.34,96,87,5.26,overcast clouds
427,Malanje,AO,-9.54,16.34,75.7,71,55,5.1,light rain
428,Asfi,MA,32.3,-9.24,68.83,79,82,17.0,broken clouds
429,Olafsvik,IS,64.89,-23.71,41.34,91,100,23.89,moderate rain
430,Maine-Soroa,NE,13.21,12.02,97.59,9,0,14.94,clear sky
431,Sambava,MG,-14.27,50.17,76.5,77,90,16.17,overcast clouds
432,Muros,ES,42.78,-9.06,63.0,76,81,11.99,light rain
433,Paamiut,GL,61.99,-49.67,34.99,83,100,26.33,overcast clouds
434,Ballina,AU,-28.87,153.57,59.0,93,98,4.16,overcast clouds
435,Adelaide,AU,-34.93,138.6,61.0,62,55,4.7,broken clouds
436,Mehamn,NO,71.04,27.85,28.4,92,40,11.41,scattered clouds
437,Nakhon Phanom,TH,17.33,104.42,66.97,73,78,5.35,broken clouds
438,Yashkul,RU,46.17,45.34,50.61,46,32,6.04,light rain
439,Ingham,US,42.6,-84.38,50.0,81,90,10.29,overcast clouds
440,Remedios,CU,22.49,-79.55,82.4,78,75,6.93,broken clouds
441,Kamaishi,JP,39.27,141.88,57.24,71,100,9.73,overcast clouds
442,Santa Rosa Del Sur,CO,7.96,-74.05,82.54,67,74,2.89,light rain
443,Vagur,FO,61.47,-6.81,45.45,69,51,18.88,light rain
444,Payson,US,40.04,-111.73,60.01,50,40,2.98,scattered clouds
445,Port Keats,AU,-14.25,129.55,83.16,72,1,9.06,clear sky
446,Hasaki,JP,35.73,140.83,57.2,87,75,8.05,broken clouds
447,Asau,RO,46.43,26.4,53.01,54,98,6.11,overcast clouds
448,Kirakira,SB,-10.45,161.92,79.48,80,88,4.79,overcast clouds
449,Sheridan,US,44.83,-106.92,37.99,86,90,2.26,overcast clouds
450,Bayir,TR,37.27,28.22,69.8,64,75,4.79,light rain
451,Yarmouth,US,41.71,-70.23,66.99,100,90,5.82,mist
452,Seguela,CI,7.96,-6.67,83.39,72,99,4.36,light rain
453,Zeya,RU,53.75,127.27,29.48,95,100,6.89,overcast clouds
454,Nantucket,US,41.28,-70.1,68.0,88,75,9.17,mist
455,Debre Sina,ET,9.85,39.77,53.73,58,1,2.77,clear sky
456,Belaya Gora,RU,68.53,146.42,4.35,93,59,3.24,broken clouds
457,Jimani,DO,18.49,-71.85,87.8,58,40,9.17,scattered clouds
458,Gap,FR,44.67,6.0,61.0,60,73,5.82,broken clouds
459,Mogadishu,SO,2.04,45.34,79.97,81,1,16.4,clear sky
460,Meulaboh,ID,4.14,96.13,79.36,82,100,4.5,moderate rain
461,Sao Joao Da Barra,BR,-21.64,-41.05,86.0,55,40,9.17,scattered clouds
462,Orocue,CO,4.79,-71.34,87.44,66,69,4.79,moderate rain
463,Half Moon Bay,US,37.46,-122.43,69.01,82,5,3.36,clear sky
464,Kloulklubed,PW,7.04,134.26,80.6,83,90,3.36,moderate rain
465,Qui Nhon,VN,13.77,109.23,75.15,85,100,14.07,overcast clouds
466,Iranshahr,IR,27.2,60.68,75.2,6,0,6.93,clear sky
467,Velyka Bahachka,UA,49.79,33.72,49.95,65,100,9.19,overcast clouds
468,Shache,CN,38.42,77.24,49.44,39,0,6.67,clear sky
469,Lazaro Cardenas,MX,17.96,-102.2,87.24,66,62,2.39,broken clouds
470,Sakakah,SA,29.97,40.21,84.2,11,0,4.7,clear sky
471,Muravlenko,RU,63.79,74.52,21.58,98,91,6.93,overcast clouds
472,Wahpeton,US,46.27,-96.61,30.0,74,1,10.29,clear sky
473,Boffa,GN,10.17,-14.03,83.77,79,98,7.29,light rain
474,Caravelas,BR,-17.71,-39.25,79.75,73,75,9.06,broken clouds
475,Beloha,MG,-25.17,45.05,74.01,68,0,10.31,clear sky
476,The Valley,AI,18.22,-63.06,86.0,70,20,10.29,few clouds
477,Mezen,RU,65.85,44.24,27.07,97,67,3.83,broken clouds
478,Plettenberg Bay,ZA,-34.05,23.37,62.98,69,0,7.76,clear sky
479,Murray Bridge,AU,-35.12,139.27,53.01,93,68,1.59,broken clouds
480,Mao,ES,39.89,4.27,71.6,68,20,14.99,few clouds
481,Genhe,CN,50.78,121.52,17.82,89,0,5.57,clear sky
482,Cockburn Town,TC,21.46,-71.14,77.0,88,75,12.75,broken clouds
483,Erwitte,DE,51.62,8.35,64.99,52,51,17.22,broken clouds
484,Suriapet,IN,17.15,79.62,76.57,84,100,6.42,overcast clouds
485,Viseu,PT,40.66,-7.91,61.0,88,40,1.99,light rain
486,Santa Marta,CO,11.24,-74.2,91.0,61,1,3.4,clear sky
487,Thinadhoo,MV,0.53,72.93,83.21,77,37,15.9,scattered clouds
488,Bay Roberts,CA,47.6,-53.26,57.0,86,100,3.0,overcast clouds
489,Acapulco,MX,16.86,-99.89,84.2,79,90,4.7,overcast clouds
490,Yarada,IN,17.65,83.27,82.4,94,90,6.93,moderate rain
491,Baruun-Urt,MN,46.68,113.28,21.31,78,3,4.92,clear sky
492,Nicoya,CR,10.15,-85.45,84.2,79,40,9.17,light rain
493,Ghanzi,BW,-21.57,21.78,86.61,13,13,12.41,few clouds
494,Gorontalo,ID,0.54,123.06,73.81,81,22,2.15,few clouds
495,Gravdal,NO,68.12,13.5,37.4,59,75,5.82,broken clouds
496,Ngaoundere,CM,7.32,13.58,69.96,73,0,4.63,clear sky
497,Ambilobe,MG,-13.2,49.05,79.47,65,84,1.88,broken clouds
498,Basco,PH,20.45,121.97,83.8,84,100,18.95,overcast clouds
499,Sorong,ID,-0.88,131.25,76.98,89,100,5.61,light rain
500,Mahibadhoo,MV,3.78,72.97,82.6,79,2,12.35,clear sky
501,Okha,RU,53.57,142.95,45.32,88,100,12.68,overcast clouds
502,Niquero,CU,20.04,-77.58,82.22,77,100,6.91,light rain
503,Arcata,US,40.87,-124.08,52.0,100,90,4.21,mist
504,Milkovo,RU,54.72,158.62,28.89,91,13,3.47,few clouds
505,Staryy Krym,UA,45.03,35.1,48.99,70,83,5.03,broken clouds
506,Puerto Del Rosario,ES,28.5,-13.86,77.0,53,20,11.41,few clouds
507,Harper,LR,4.38,-7.72,80.1,79,87,8.77,overcast clouds
508,Salekhard,RU,66.53,66.6,21.16,97,99,9.35,overcast clouds
509,Komsomolskiy,UZ,40.43,71.72,55.4,47,0,6.93,clear sky
510,Qaqortoq,GL,60.72,-46.03,32.0,93,90,4.7,light snow
511,Sabang,ID,5.89,95.32,82.78,78,71,12.64,broken clouds
512,Khilok,RU,51.37,110.47,24.37,94,67,6.31,broken clouds
513,Mosquera,CO,4.71,-74.23,66.2,52,40,13.87,scattered clouds
514,Nara,JP,34.69,135.8,64.99,55,93,9.84,light rain
515,Cherskiy,RU,68.75,161.3,15.6,97,80,3.47,broken clouds
516,Omsukchan,RU,62.53,155.8,10.53,91,0,4.92,clear sky
517,Kuytun,RU,54.34,101.5,30.0,95,66,5.68,broken clouds
518,Sompeta,IN,18.93,84.6,81.32,78,100,10.42,moderate rain
519,San Javier,ES,37.81,-0.84,75.99,57,20,11.41,few clouds
520,Batemans Bay,AU,-35.72,150.18,57.99,93,70,7.0,broken clouds
521,Ketchikan,US,55.34,-131.65,42.8,86,40,4.7,scattered clouds
522,La Ronge,CA,55.1,-105.28,24.8,73,75,3.36,broken clouds
523,Jalu,LY,29.03,21.55,71.1,36,0,8.84,clear sky
524,Saint-Augustin,CA,51.23,-58.65,44.58,55,1,4.36,clear sky
525,Taunggyi,MM,20.78,97.03,60.22,100,81,1.99,broken clouds
526,Port Antonio,JM,18.18,-76.46,86.0,70,20,10.29,few clouds
527,Solvychegodsk,RU,61.33,46.92,30.78,98,97,8.68,light snow
528,Havre-Saint-Pierre,CA,50.23,-63.6,41.0,60,40,7.63,scattered clouds
529,Terrace,CA,54.52,-128.6,35.6,100,90,5.82,mist
530,Swift Current,CA,50.28,-107.8,14.0,92,75,9.17,broken clouds
531,Oyama,JP,36.3,139.8,62.01,82,75,6.93,broken clouds
532,Ramanuj Ganj,IN,23.8,83.7,70.21,72,45,1.79,scattered clouds
533,Sharan,RU,54.82,54.0,30.29,92,90,11.27,overcast clouds
534,Nioro,GM,13.35,-15.75,94.64,37,85,2.17,overcast clouds
535,Benguela,AO,-12.58,13.41,80.6,69,40,6.93,scattered clouds
536,Taywarah,AF,33.35,64.42,33.66,64,0,5.01,clear sky
537,Ust-Barguzin,RU,53.45,108.98,31.69,95,91,1.52,overcast clouds
538,Portland,US,45.52,-122.68,52.0,81,75,4.7,broken clouds
539,Port Blair,IN,11.67,92.75,80.96,83,50,10.25,light rain
540,Tezu,IN,27.92,96.17,70.86,79,0,4.29,clear sky
541,Cap Malheureux,MU,-19.98,57.61,75.0,69,10,8.01,clear sky
542,Slonim,BY,53.09,25.32,47.53,85,100,7.25,overcast clouds
543,Tuxpan,MX,19.55,-103.4,80.6,74,40,2.59,scattered clouds
544,Lagoa,PT,39.05,-27.98,63.0,69,52,20.89,broken clouds
545,Sinop,TR,41.77,34.87,53.11,82,4,7.11,clear sky
546,Lata,PT,40.16,-8.33,64.99,80,18,5.01,few clouds
547,Vinderup,DK,56.48,8.79,55.0,100,75,8.05,moderate rain
548,Acari,PE,-15.43,-74.62,77.56,35,20,11.12,few clouds
549,Millinocket,US,45.66,-68.71,42.8,81,90,5.82,overcast clouds
550,Namtsy,RU,62.72,129.67,17.6,92,75,2.24,light shower snow
551,Codrington,AU,-38.27,141.97,45.3,91,49,4.94,scattered clouds
552,Kodinsk,RU,58.69,99.18,34.7,92,100,6.04,overcast clouds
553,Nizwa,OM,22.93,57.53,74.66,19,0,3.56,clear sky
554,Muroto,JP,33.28,134.15,71.51,73,93,24.29,overcast clouds
555,Manta,EC,-0.95,-80.73,80.6,69,20,11.41,few clouds
556,Nicolet,CA,46.22,-72.62,44.01,100,90,8.05,overcast clouds
557,Buala,SB,-8.14,159.59,80.71,77,87,5.75,overcast clouds
558,Waingapu,ID,-9.66,120.26,80.04,77,0,3.96,clear sky
559,Conceicao Da Barra,BR,-18.59,-39.73,78.71,73,93,6.85,overcast clouds
560,Rahon,IN,31.05,76.12,69.87,22,0,5.5,clear sky
561,Fratautii Noi,RO,47.94,25.84,52.0,71,82,5.82,broken clouds
562,Raga,SS,8.46,25.68,74.71,84,76,3.47,light rain
563,Mayo,US,38.89,-76.51,70.0,100,90,9.17,overcast clouds
564,Pinega,RU,64.7,43.39,27.75,98,41,5.73,scattered clouds
565,Dauis,PH,9.63,123.87,82.78,76,98,7.25,overcast clouds
566,Iqaluit,CA,63.75,-68.51,32.0,94,75,5.82,broken clouds
567,Blackwater,AU,-23.58,148.88,67.46,91,37,7.56,scattered clouds
568,Inuvik,CA,68.35,-133.72,15.8,92,90,2.24,light snow
569,Carnduff,CA,49.17,-101.8,24.01,83,0,4.0,clear sky
570,Teguldet,RU,57.31,88.17,37.8,82,100,6.6,overcast clouds
571,Payo,ID,-3.75,103.64,74.44,96,98,3.94,overcast clouds
572,Dawlatabad,AF,36.41,64.91,53.31,37,0,1.01,clear sky
573,Camana,PE,-16.62,-72.71,67.17,62,33,8.95,scattered clouds
574,Puerto Madryn,AR,-42.77,-65.04,64.49,31,100,25.72,overcast clouds
575,Morehead,US,37.27,-87.18,77.0,78,1,9.17,clear sky
576,Rennes,FR,48.17,-1.67,62.6,72,40,10.29,scattered clouds
577,Talcahuano,CL,-36.72,-73.12,60.8,59,3,10.29,clear sky
578,Palmas,BR,-10.21,-48.36,98.6,30,40,11.41,scattered clouds
579,Westport,US,41.14,-73.36,66.0,93,90,3.36,overcast clouds
580,La Asuncion,VE,11.03,-63.86,89.6,62,93,14.99,overcast clouds
581,Neiafu,TO,-18.65,-173.98,75.2,78,90,5.82,overcast clouds
582,Fortuna Foothills,US,32.66,-114.41,75.2,27,1,5.82,clear sky
583,Constitucion,CL,-35.33,-72.42,60.26,56,0,8.7,clear sky
584,Hede,CN,33.77,120.25,59.63,67,77,11.14,light rain
585,Srednekolymsk,RU,67.45,153.68,13.57,93,0,5.5,clear sky
586,Fort Nelson,CA,58.81,-122.7,17.6,72,90,6.93,overcast clouds
587,San Policarpo,PH,12.18,125.51,80.47,87,100,9.15,overcast clouds
588,Mtwara,TZ,-10.27,40.18,82.4,69,20,11.41,few clouds
589,Bima,ID,-8.47,118.72,78.04,85,8,3.04,clear sky
590,Menzelinsk,RU,55.73,53.1,32.0,93,75,17.9,broken clouds
591,San Francisco,US,37.77,-122.42,66.2,68,20,1.28,few clouds
592,Rio Grande,BR,-32.03,-52.1,62.01,92,99,7.0,overcast clouds
593,Dhidhdhoo,MV,6.88,73.1,81.88,79,27,11.27,light rain
594,Aksarka,RU,66.56,67.8,20.55,98,98,10.85,light snow
595,Guisijan,PH,11.09,122.05,79.38,82,47,5.61,light rain
596,Richards Bay,ZA,-28.78,32.04,67.62,73,16,6.17,few clouds
597,Lovozero,RU,68.0,35.01,28.22,97,93,2.93,overcast clouds
598,Margate,GB,51.38,1.39,60.01,82,70,8.01,broken clouds
599,Faya,SA,18.39,42.45,73.4,15,0,9.17,clear sky
600,Barra Do Garcas,BR,-15.89,-52.26,96.1,35,92,4.92,overcast clouds
601,Shenjiamen,CN,29.96,122.3,64.44,86,100,14.47,overcast clouds
602,Raymond,US,43.9,-70.47,51.01,97,98,3.8,overcast clouds
603,Picayune,US,30.53,-89.68,80.01,89,1,6.08,clear sky
604,Linxia,CN,35.6,103.21,45.39,53,0,1.9,clear sky
605,Durango,MX,24.83,-104.83,72.9,29,0,5.57,clear sky
606,Eregli,TR,37.51,34.05,61.77,55,92,3.98,overcast clouds
607,Nelson,NZ,-41.28,173.28,46.99,83,0,1.99,clear sky
608,Ahuimanu,US,21.44,-157.84,77.0,100,90,3.36,overcast clouds
609,Mozarlandia,BR,-14.74,-50.57,94.41,35,88,2.3,overcast clouds
610,Zhoucheng,CN,35.91,116.31,50.74,43,0,2.24,clear sky
611,Cidreira,BR,-30.18,-50.21,69.17,85,60,15.01,broken clouds
612,Wilhelmsburg,AT,48.11,15.61,48.99,83,30,3.0,scattered clouds
613,Skjervoy,NO,70.03,20.97,30.2,68,13,20.8,few clouds
614,Manzhouli,CN,49.6,117.43,24.01,84,0,9.57,clear sky
615,Maningrida,AU,-12.07,134.27,79.05,78,57,3.4,broken clouds
616,Angoche,MZ,-16.23,39.91,77.99,80,0,5.21,clear sky
617,Santa Isabel Do Rio Negro,BR,-0.41,-65.02,93.97,44,73,4.36,broken clouds
618,Burhaniye,TR,39.5,26.97,68.0,68,75,14.99,broken clouds
619,Hutchinson,US,38.06,-97.93,48.2,93,90,10.29,mist
620,Caetite,BR,-14.07,-42.48,90.23,33,3,6.44,clear sky
621,Moron,AR,-34.65,-58.62,64.4,55,75,19.46,light rain
622,Barabinsk,RU,55.36,78.36,44.96,57,100,9.6,overcast clouds
623,Riga,LV,57.0,24.08,50.0,87,90,10.29,overcast clouds
624,Laguna De Perlas,NI,12.34,-83.67,80.6,88,75,4.7,broken clouds
625,Fairbanks,US,64.84,-147.72,23.0,85,90,1.12,overcast clouds
626,Cayenne,GF,4.93,-52.33,89.6,59,10,16.11,clear sky
627,Tigil,RU,57.8,158.67,31.44,97,0,3.04,clear sky
628,Baringo,KE,0.47,35.97,79.41,54,86,2.35,light rain
629,Urumqi,CN,43.8,87.6,48.2,39,0,4.47,clear sky
630,Madarounfa,NE,13.31,7.16,96.8,15,2,6.93,clear sky
631,Weatherford,US,32.76,-97.8,77.0,81,21,3.0,few clouds
632,Manhattan,US,40.78,-73.97,66.99,88,90,4.7,overcast clouds
633,Gimli,CA,50.63,-96.99,32.0,98,97,4.0,overcast clouds
634,Elbistan,TR,38.21,37.2,56.82,52,30,4.5,scattered clouds
635,Karlskrona,SE,56.16,15.59,53.6,100,90,10.29,light rain
636,Xining,CN,36.62,101.77,40.93,55,0,1.36,clear sky
637,Muromtsevo,RU,56.37,75.24,42.31,73,100,3.69,overcast clouds
638,Jabinyanah,TN,35.03,10.91,75.2,53,0,6.93,clear sky
639,Northam,GB,51.03,-4.22,57.99,97,100,4.0,light rain
640,Hartford,US,41.77,-72.77,69.01,72,90,4.7,overcast clouds
641,Iskar,BG,43.45,24.27,59.0,58,20,2.24,few clouds
642,Varzea Alegre,BR,-5.35,-40.38,101.17,16,2,9.31,clear sky
643,Camalu,MX,30.85,-116.07,69.44,70,72,4.47,broken clouds
644,North Platte,US,41.12,-100.77,48.2,70,1,12.75,clear sky
645,Pitimbu,BR,-7.47,-34.81,84.2,66,75,17.22,broken clouds
646,Chilca,PE,-12.52,-76.74,69.01,68,20,9.17,few clouds
647,Anadyr,RU,64.75,177.48,37.4,86,5,15.66,clear sky
648,Paso De Carrasco,UY,-34.86,-56.05,64.0,63,75,21.92,broken clouds
649,Villaviciosa,ES,43.48,-5.44,64.99,74,48,4.43,scattered clouds
650,Revda,RU,56.8,59.93,30.2,92,40,6.71,scattered clouds
651,Danville,US,36.59,-79.39,79.0,69,1,3.36,clear sky
652,Safaga,EG,26.73,33.94,89.6,38,0,3.36,clear sky
653,Launceston,AU,-41.45,147.17,52.0,87,90,2.24,overcast clouds
654,Vestmannaeyjar,IS,63.44,-20.27,41.0,80,75,21.92,broken clouds
655,Aleksin,RU,54.51,37.08,35.6,93,90,6.71,moderate rain
656,Gambo,CF,4.65,22.26,75.45,83,92,1.39,overcast clouds
657,Zhangjiakou,CN,40.81,114.88,36.99,62,0,5.41,clear sky
658,Rehoboth,NA,-23.32,17.08,85.15,14,51,10.36,broken clouds
659,Hermiston,US,45.84,-119.29,50.0,61,1,9.17,clear sky
660,Bubaque,GW,11.28,-15.83,82.6,78,81,9.6,broken clouds
661,Alenquer,BR,-1.94,-54.74,91.4,59,20,17.22,few clouds
662,Doka,SD,13.52,35.77,84.16,31,0,3.8,clear sky
663,Cururupu,BR,-1.83,-44.87,89.13,53,74,8.23,broken clouds
664,Shelburne,CA,44.08,-80.2,55.99,82,90,6.93,overcast clouds
665,Zonguldak,TR,41.25,31.83,56.34,82,0,1.92,clear sky
666,Fairview,US,40.81,-74.0,66.2,88,90,4.7,overcast clouds
667,Mezdra,BG,43.15,23.7,55.4,58,26,3.36,scattered clouds
